<?xml version="1.0" encoding="UTF-8" standalone="yes"?>
<addon id="plugin.video.cinemakitty" name="CinemaKitty" version="1.0.0" provider-name="VorelJorel">
  <requires>
    <import addon="xbmc.python" version="3.0.0"/>
  </requires>
  <extension point="xbmc.python.plugin" library="default.py">
    <provides>video</provides>
  </extension>
  <extension point="xbmc.addon.metadata">
    <summary>Přehrávání filmů z Webshare.cz</summary>
    <description>CinemaKitty je doplněk pro Kodi, který umožňuje vyhledávat a přehrávat filmy z Webshare.</description>
    <platform>all</platform>
  </extension>
</addon>
